doc_id,label
0,27
1,11
2,44
3,4
4,20
5,42
6,21
7,3
8,28
9,35
10,20
11,23
12,4
13,48
14,46
15,4
16,28
17,21
18,21
19,33
20,21
21,20
22,28
23,41
24,4
25,35
26,20
27,35
28,42
29,21
30,46
31,46
32,35
33,21
34,28
35,35
36,21
37,39
38,20
39,35
40,12
41,49
42,47
43,4
44,35
45,27
46,4
47,35
48,32
49,35
50,11
51,32
52,21
53,44
54,4
55,42
56,4
57,4
58,12
59,28
60,12
61,4
62,35
63,21
64,35
65,21
66,35
67,35
68,42
69,35
70,28
71,4
72,27
73,49
74,4
75,48
76,4
77,28
78,21
79,27
80,42
81,4
82,21
83,23
84,21
85,4
86,21
87,4
88,12
89,28
90,21
91,35
92,4
93,35
94,21
95,20
96,4
97,4
98,4
99,4
100,21
101,35
102,35
103,12
104,35
105,35
106,35
107,21
108,11
109,28
110,27
111,4
112,4
113,4
114,20
115,46
116,48
117,20
118,35
119,4
120,21
121,35
122,35
123,35
124,20
125,21
126,12
127,4
128,42
129,21
130,27
131,32
132,35
133,42
134,21
135,20
136,16
137,4
138,35
139,4
140,35
141,35
142,35
143,35
144,35
145,35
146,4
147,35
148,28
149,20
150,35
151,20
152,35
153,11
154,35
155,32
156,35
157,4
158,35
159,21
160,4
161,21
162,35
163,13
164,4
165,35
166,20
167,20
168,21
169,11
170,20
171,4
172,35
173,12
174,35
175,42
176,28
177,21
178,4
179,49
180,4
181,27
182,4
183,4
184,35
185,20
186,4
187,21
188,27
189,4
190,21
191,28
192,28
193,28
194,11
195,20
196,21
197,35
198,33
199,27
200,35
201,35
202,35
203,4
204,32
205,12
206,4
207,20
208,21
209,21
210,21
211,35
212,44
213,28
214,35
215,12
216,8
217,40
218,35
219,27
220,35
221,48
222,28
223,4
224,4
225,10
226,40
227,12
228,35
229,33
230,3
231,35
232,28
233,35
234,21
235,35
236,35
237,21
238,40
239,21
240,27
241,20
242,20
243,21
244,35
245,4
246,4
247,21
248,20
249,35
250,28
251,20
252,35
253,35
254,35
255,21
256,48
257,35
258,35
259,21
260,35
261,20
262,11
263,21
264,4
265,20
266,48
267,11
268,21
269,20
270,4
271,27
272,21
273,9
274,21
275,27
276,49
277,11
278,28
279,3
280,20
281,35
282,20
283,20
284,20
285,20
286,20
287,20
288,20
289,20
290,20
291,20
292,20
293,20
294,20
295,21
296,12
297,12
298,21
299,35
300,27
301,35
302,28
303,4
304,46
305,4
306,12
307,35
308,4
309,35
310,41
311,35
312,35
313,20
314,35
315,20
316,20
317,35
318,4
319,35
320,11
321,35
322,20
323,35
324,20
325,20
326,46
327,35
328,35
329,35
330,8
331,4
332,35
333,28
334,12
335,28
336,28
337,35
338,35
339,4
340,20
341,4
342,35
343,35
344,21
345,12
346,35
347,48
348,33
349,4
350,48
351,35
352,48
353,32
354,21
355,4
356,21
357,20
358,4
359,20
360,11
361,11
362,11
363,35
364,42
365,42
366,48
367,23
368,35
369,11
370,29
371,21
372,4
373,35
374,21
375,46
376,4
377,35
378,11
379,21
380,21
381,35
382,35
383,11
384,48
385,4
386,35
387,11
388,32
389,28
390,0
391,35
392,21
393,28
394,20
395,29
396,35
397,21
398,42
399,20
400,20
401,35
402,35
403,35
404,4
405,48
406,28
407,32
408,4
409,20
410,35
411,28
412,35
413,35
414,21
415,21
416,35
417,12
418,28
419,20
420,21
421,21
422,21
423,35
424,35
425,35
426,35
427,20
428,20
429,12
430,12
431,4
432,21
433,28
434,11
435,35
436,35
437,48
438,21
439,4
440,35
441,32
442,11
443,35
444,32
445,4
446,35
447,48
448,21
449,20
450,21
451,4
452,35
453,20
454,12
455,35
456,12
457,4
458,3
459,20
460,35
461,21
462,48
463,4
464,28
465,20
466,28
467,20
468,27
469,35
470,20
471,20
472,21
473,12
474,12
475,11
476,4
477,35
478,20
479,35
480,35
481,35
482,35
483,27
484,20
485,27
486,4
487,46
488,35
489,41
490,35
491,28
492,20
493,4
494,42
495,35
496,21
497,12
498,21
499,35
500,42
501,48
502,11
503,12
504,35
505,35
506,4
507,21
508,11
509,35
510,20
511,46
512,4
513,4
514,35
515,20
516,20
517,35
518,21
519,48
520,4
521,35
522,48
523,4
524,46
525,4
526,35
527,35
528,35
529,4
530,21
531,21
532,48
533,21
534,21
535,46
536,35
537,35
538,44
539,35
540,20
541,4
542,34
543,42
544,48
545,20
546,48
547,21
548,11
549,11
550,4
551,11
552,48
553,20
554,20
555,21
556,17
557,4
558,4
559,35
560,4
561,20
562,49
563,20
564,4
565,11
566,21
567,35
568,21
569,21
570,32
571,35
572,11
573,21
574,20
575,21
576,4
577,11
578,0
579,35
580,12
581,12
582,48
583,35
584,35
585,4
586,4
587,4
588,11
589,20
590,12
591,4
592,35
593,46
594,35
595,21
596,42
597,35
598,12
599,35
600,21
601,28
602,35
603,35
604,20
605,27
606,21
607,11
608,12
609,12
610,48
611,48
612,11
613,27
614,28
615,48
616,35
617,48
618,35
619,21
620,35
621,32
622,11
623,11
624,35
625,48
626,32
627,35
628,35
629,28
630,11
631,20
632,4
633,35
634,46
635,48
636,20
637,35
638,33
639,20
640,35
641,49
642,32
643,32
644,29
645,35
646,48
647,20
648,20
649,35
650,6
651,35
652,35
653,35
654,35
655,35
656,48
657,35
658,35
659,48
660,35
661,48
662,4
663,35
664,21
665,35
666,32
667,20
668,11
669,46
670,28
671,11
672,34
673,35
674,35
675,35
676,20
677,42
678,46
679,35
680,21
681,21
682,4
683,46
684,48
685,35
686,7
687,48
688,42
689,11
690,28
691,21
692,11
693,47
694,35
695,35
696,4
697,4
698,27
699,48
700,4
701,21
702,28
703,4
704,34
705,12
706,35
707,20
708,20
709,35
710,35
711,28
712,4
713,48
714,21
715,21
716,35
717,35
718,20
719,4
720,20
721,11
722,4
723,12
724,35
725,42
726,20
727,21
728,21
729,32
730,35
731,48
732,27
733,48
734,21
735,11
736,4
737,48
738,4
739,49
740,35
741,11
742,35
743,4
744,4
745,46
746,28
747,21
748,10
749,48
750,4
751,29
752,4
753,35
754,35
755,48
756,12
757,20
758,20
759,12
760,4
761,11
762,32
763,35
764,48
765,12
766,11
767,21
768,21
769,35
770,21
771,21
772,32
773,34
774,11
775,35
776,42
777,48
778,20
779,21
780,21
781,28
782,48
783,35
784,28
785,35
786,10
787,37
788,35
789,20
790,39
791,20
792,21
793,20
794,48
795,4
796,35
797,28
798,6
799,28
800,48
801,4
802,35
803,20
804,35
805,48
806,20
807,21
808,35
809,21
810,21
811,35
812,4
813,20
814,11
815,20
816,35
817,28
818,35
819,21
820,4
821,35
822,4
823,48
824,35
825,20
826,48
827,35
828,48
829,35
830,12
831,48
832,11
833,11
834,35
835,20
836,48
837,35
838,21
839,48
840,35
841,35
842,4
843,4
844,21
845,48
846,35
847,21
848,21
849,20
850,48
851,35
852,21
853,21
854,4
855,35
856,11
857,35
858,11
859,21
860,20
861,35
862,21
863,48
864,29
865,4
866,4
867,20
868,35
869,35
870,35
871,35
872,20
873,11
874,4
875,47
876,35
877,49
878,4
879,35
880,20
881,35
882,28
883,20
884,35
885,11
886,46
887,4
888,27
889,36
890,21
891,20
892,48
893,35
894,35
895,20
896,48
897,21
898,28
899,20
900,20
901,46
902,35
903,48
904,3
905,20
906,21
907,12
908,46
909,35
910,11
911,11
912,4
913,21
914,35
915,48
916,35
917,48
918,4
919,21
920,12
921,21
922,20
923,20
924,20
925,35
926,48
927,21
928,12
929,35
930,21
931,12
932,28
933,3
934,35
935,48
936,4
937,11
938,42
939,35
940,35
941,35
942,20
943,35
944,21
945,42
946,11
947,48
948,0
949,20
950,4
951,35
952,35
953,4
954,35
955,4
956,48
957,12
958,20
959,35
960,21
961,35
962,20
963,20
964,35
965,20
966,35
967,12
968,21
969,6
970,48
971,35
972,4
973,21
974,42
975,21
976,48
977,35
978,28
979,8
980,20
981,4
982,23
983,20
984,11
985,35
986,4
987,48
988,23
989,4
990,4
991,20
992,27
993,35
994,20
995,48
996,4
997,35
998,35
999,28
1000,12
1001,21
1002,11
1003,21
1004,35
1005,20
1006,12
1007,20
1008,21
1009,32
1010,42
1011,21
1012,48
1013,7
1014,35
1015,4
1016,11
1017,35
1018,29
1019,21
1020,32
1021,12
1022,35
1023,35
1024,20
1025,35
1026,33
1027,35
1028,46
1029,48
1030,35
1031,4
1032,21
1033,20
1034,20
1035,12
1036,48
1037,32
1038,48
1039,35
1040,35
1041,20
1042,48
1043,42
1044,12
1045,20
1046,20
1047,42
1048,35
1049,48
1050,35
1051,35
1052,21
1053,35
1054,48
1055,4
1056,35
1057,35
1058,35
1059,20
1060,20
1061,35
1062,35
1063,35
1064,42
1065,28
1066,21
1067,35
1068,21
1069,35
1070,11
1071,35
1072,4
1073,45
1074,8
1075,20
1076,49
1077,21
1078,21
1079,20
1080,48
1081,35
1082,35
1083,46
1084,35
1085,48
1086,20
1087,48
1088,44
1089,35
1090,20
1091,48
1092,20
1093,12
1094,21
1095,4
1096,42
1097,20
1098,20
1099,35
1100,35
1101,21
1102,21
1103,35
1104,48
1105,23
1106,48
1107,35
1108,21
1109,35
1110,35
1111,20
1112,0
1113,35
1114,35
1115,20
1116,20
1117,20
1118,35
1119,20
1120,28
1121,35
1122,11
1123,12
1124,35
1125,48
1126,21
1127,28
1128,48
1129,35
1130,21
1131,46
1132,35
1133,35
1134,35
1135,35
1136,35
1137,28
1138,35
1139,35
1140,20
1141,12
1142,48
1143,28
1144,48
1145,35
1146,35
1147,21
1148,11
1149,4
1150,48
1151,11
1152,35
1153,4
1154,21
1155,35
1156,46
1157,48
1158,21
1159,35
1160,21
1161,20
1162,21
1163,12
1164,35
1165,35
1166,36
1167,35
1168,35
1169,20
1170,35
1171,21
1172,27
1173,35
1174,41
1175,35
1176,23
1177,20
1178,20
1179,20
1180,21
1181,35
1182,48
1183,4
1184,35
1185,48
1186,21
1187,20
1188,48
1189,20
1190,21
1191,28
1192,35
1193,35
1194,35
1195,37
1196,35
1197,35
1198,20
1199,35
1200,20
1201,20
1202,35
1203,48
1204,20
1205,28
1206,4
1207,35
1208,27
1209,4
1210,35
1211,21
1212,48
1213,35
1214,20
1215,12
1216,28
1217,32
1218,35
1219,35
1220,35
1221,35
1222,35
1223,20
1224,47
1225,21
1226,20
1227,35
1228,28
1229,20
1230,35
1231,35
1232,3
1233,11
1234,35
1235,12
1236,35
1237,35
1238,21
1239,48
1240,21
1241,4
1242,11
1243,20
1244,8
1245,4
1246,35
1247,23
1248,28
1249,4
1250,35
1251,35
1252,11
1253,46
1254,12
1255,21
1256,21
1257,20
1258,20
1259,21
1260,49
1261,21
1262,35
1263,35
1264,20
1265,35
1266,20
1267,46
1268,35
1269,35
1270,35
1271,35
1272,4
1273,35
1274,20
1275,4
1276,28
1277,12
1278,35
1279,27
1280,27
1281,20
1282,20
1283,48
1284,35
1285,11
1286,44
1287,35
1288,20
1289,48
1290,11
1291,21
1292,21
1293,33
1294,48
1295,20
1296,35
1297,35
1298,20
1299,21
1300,4
1301,35
1302,35
1303,35
1304,38
1305,20
1306,20
1307,20
1308,11
1309,48
1310,21
1311,11
1312,21
1313,21
1314,20
1315,35
1316,21
1317,35
1318,35
1319,4
1320,4
1321,48
1322,35
1323,48
1324,28
1325,39
1326,28
1327,35
1328,20
1329,48
1330,4
1331,35
1332,20
1333,48
1334,12
1335,21
1336,3
1337,21
1338,21
1339,21
1340,48
1341,35
1342,11
1343,20
1344,35
1345,20
1346,11
1347,27
1348,35
1349,20
1350,20
1351,48
1352,28
1353,27
1354,35
1355,20
1356,20
1357,21
1358,20
1359,4
1360,27
1361,35
1362,20
1363,20
1364,34
1365,20
1366,35
1367,35
1368,20
1369,48
1370,11
1371,35
1372,20
1373,4
1374,34
1375,27
1376,30
1377,32
1378,42
1379,20
1380,17
1381,35
1382,35
1383,48
1384,20
1385,4
1386,20
1387,35
1388,42
1389,12
1390,35
1391,11
1392,20
1393,20
1394,27
1395,20
1396,35
1397,21
1398,20
1399,12
1400,35
1401,35
1402,12
1403,28
1404,48
1405,12
1406,20
1407,35
1408,35
1409,46
1410,4
1411,35
1412,48
1413,21
1414,35
1415,21
1416,4
1417,4
1418,20
1419,23
1420,20
1421,12
1422,21
1423,12
1424,35
1425,4
1426,35
1427,48
1428,49
1429,4
1430,42
1431,20
1432,20
1433,48
1434,12
1435,48
1436,20
1437,20
1438,35
1439,0
1440,20
1441,35
1442,11
1443,20
1444,21
1445,35
1446,28
1447,36
1448,4
1449,20
1450,4
1451,35
1452,35
1453,28
1454,20
1455,20
1456,21
1457,32
1458,46
1459,48
1460,20
1461,20
1462,35
1463,11
1464,49
1465,35
1466,20
1467,4
1468,35
1469,20
1470,4
1471,48
1472,41
1473,21
1474,21
1475,20
1476,4
1477,32
1478,21
1479,48
1480,20
1481,48
1482,20
1483,48
1484,35
1485,20
1486,20
1487,11
1488,4
1489,46
1490,20
1491,48
1492,20
1493,48
1494,20
1495,20
1496,10
1497,35
1498,36
1499,35
1500,20
1501,20
1502,33
1503,12
1504,11
1505,48
1506,20
1507,35
1508,35
1509,4
1510,48
1511,48
1512,48
1513,20
1514,35
1515,4
1516,35
1517,21
1518,35
1519,35
1520,4
1521,32
1522,4
1523,4
1524,33
1525,20
1526,20
1527,35
1528,12
1529,10
1530,20
1531,12
1532,21
1533,21
1534,35
1535,28
1536,35
1537,20
1538,36
1539,4
1540,21
1541,28
1542,35
1543,20
1544,35
1545,20
1546,20
1547,20
1548,12
1549,48
1550,48
1551,35
1552,40
1553,48
1554,35
1555,4
1556,4
1557,4
1558,35
1559,48
1560,35
1561,4
1562,1
1563,48
1564,46
1565,20
1566,46
1567,35
1568,48
1569,48
1570,20
1571,35
1572,4
1573,4
1574,48
1575,12
1576,31
1577,35
1578,4
1579,21
1580,12
1581,48
1582,28
1583,48
1584,35
1585,35
1586,35
1587,20
1588,35
1589,48
1590,20
1591,32
1592,21
1593,4
1594,34
1595,21
1596,35
1597,35
1598,21
1599,20
1600,35
1601,4
1602,20
1603,35
1604,17
1605,4
1606,20
1607,48
1608,46
1609,20
1610,35
1611,35
1612,35
1613,42
1614,11
1615,12
1616,20
1617,4
1618,35
1619,48
1620,48
1621,35
1622,21
1623,35
1624,35
1625,35
1626,35
1627,35
1628,35
1629,42
1630,4
1631,20
1632,35
1633,35
1634,35
1635,35
1636,35
1637,12
1638,11
1639,35
1640,35
1641,48
1642,21
1643,42
1644,20
1645,35
1646,17
1647,35
1648,35
1649,4
1650,35
1651,35
1652,35
1653,48
1654,21
1655,35
1656,41
1657,35
1658,35
1659,35
1660,35
1661,35
1662,11
1663,20
1664,32
1665,35
1666,4
1667,12
1668,11
1669,35
1670,48
1671,21
1672,20
1673,32
1674,35
1675,35
1676,20
1677,4
1678,20
1679,35
1680,35
1681,3
1682,20
1683,35
1684,20
1685,20
1686,46
1687,20
1688,20
1689,4
1690,11
1691,11
1692,4
1693,20
1694,4
1695,4
1696,35
1697,35
1698,11
1699,48
1700,35
1701,48
1702,32
1703,4
1704,20
1705,35
1706,35
1707,28
1708,20
1709,35
1710,27
1711,33
1712,35
1713,48
1714,4
1715,4
1716,20
1717,11
1718,4
1719,35
1720,35
1721,35
1722,46
1723,28
1724,35
1725,48
1726,20
1727,21
1728,48
1729,20
1730,28
1731,20
1732,21
1733,48
1734,28
1735,4
1736,21
1737,35
1738,28
1739,35
1740,20
1741,20
1742,35
1743,49
1744,12
1745,21
1746,48
1747,21
1748,8
1749,20
1750,32
1751,48
1752,21
1753,35
1754,11
1755,35
1756,44
1757,20
1758,28
1759,48
1760,35
1761,35
1762,4
1763,48
1764,35
1765,35
1766,35
1767,35
1768,4
1769,35
1770,35
1771,48
1772,40
1773,35
1774,35
1775,27
1776,21
1777,27
1778,48
1779,33
1780,21
1781,21
1782,4
1783,4
1784,35
1785,20
1786,8
1787,35
1788,35
1789,11
1790,28
1791,21
1792,32
1793,4
1794,4
1795,20
1796,21
1797,47
1798,28
1799,4
1800,48
1801,21
1802,20
1803,4
1804,20
1805,21
1806,35
1807,35
1808,4
1809,20
1810,21
1811,12
1812,12
1813,20
1814,35
1815,20
1816,4
1817,20
1818,20
1819,21
1820,20
1821,20
1822,35
1823,20
1824,35
1825,35
1826,35
1827,35
1828,27
1829,35
1830,11
1831,12
1832,4
1833,4
1834,20
1835,4
1836,21
1837,48
1838,35
1839,35
1840,48
1841,35
1842,11
1843,20
1844,48
1845,20
1846,4
1847,20
1848,4
1849,35
1850,35
1851,35
1852,20
1853,27
1854,4
1855,20
1856,48
1857,20
1858,48
1859,35
1860,28
1861,35
1862,35
1863,28
1864,12
1865,35
1866,35
1867,20
1868,48
1869,20
1870,48
1871,48
1872,35
1873,21
1874,35
1875,20
1876,20
1877,27
1878,48
1879,35
1880,35
1881,48
1882,35
1883,48
1884,28
1885,20
1886,12
1887,4
1888,21
1889,35
1890,35
1891,28
1892,12
1893,35
1894,48
1895,48
1896,48
1897,20
1898,4
1899,35
1900,46
1901,33
1902,48
1903,4
1904,35
1905,20
1906,21
1907,35
1908,11
1909,35
1910,48
1911,11
1912,21
1913,35
1914,35
1915,46
1916,20
1917,48
1918,20
1919,35
1920,35
1921,42
1922,4
1923,35
1924,35
1925,12
1926,12
1927,20
1928,35
1929,48
1930,20
1931,20
1932,11
1933,35
1934,35
1935,11
1936,35
1937,28
1938,20
1939,48
1940,20
1941,48
1942,20
1943,42
1944,4
1945,21
1946,4
1947,20
1948,8
1949,48
1950,20
1951,32
1952,21
1953,48
1954,4
1955,48
1956,35
1957,42
1958,21
1959,28
1960,4
1961,21
1962,21
1963,4
1964,35
1965,4
1966,7
1967,20
1968,20
1969,20
1970,46
1971,4
1972,27
1973,11
1974,35
1975,35
1976,21
1977,20
1978,48
1979,42
1980,4
1981,35
1982,35
1983,12
1984,20
1985,32
1986,4
1987,4
1988,35
1989,11
1990,48
1991,35
1992,20
1993,42
1994,12
1995,35
1996,46
1997,46
1998,33
1999,20
2000,20
2001,21
2002,4
2003,48
2004,20
2005,35
2006,35
2007,4
2008,4
2009,21
2010,48
2011,35
2012,35
2013,20
2014,4
2015,20
2016,21
2017,42
2018,20
2019,20
2020,27
2021,48
2022,11
2023,20
2024,35
2025,21
2026,11
2027,48
2028,21
2029,35
2030,4
2031,48
2032,20
2033,20
2034,4
2035,35
2036,35
2037,20
2038,20
2039,11
2040,4
2041,48
2042,35
2043,4
2044,35
2045,4
2046,20
2047,20
2048,4
2049,27
2050,41
2051,28
2052,21
2053,20
2054,35
2055,49
2056,20
2057,21
2058,4
2059,35
2060,28
2061,28
2062,42
2063,20
2064,21
2065,20
2066,12
2067,4
2068,28
2069,20
2070,20
2071,20
2072,4
2073,20
2074,21
2075,48
2076,32
2077,35
2078,21
2079,12
2080,4
2081,20
2082,20
2083,20
2084,20
2085,3
2086,20
2087,35
2088,42
2089,20
2090,48
2091,32
2092,20
2093,32
2094,20
2095,35
2096,20
2097,20
2098,20
2099,21
2100,48
2101,42
2102,20
2103,21
2104,21
2105,48
2106,4
2107,20
2108,21
2109,20
2110,20
2111,20
2112,3
2113,32
2114,20
2115,20
2116,48
2117,20
2118,12
2119,42
2120,20
2121,20
2122,12
2123,48
2124,20
2125,4
2126,20
2127,48
2128,35
2129,35
2130,46
2131,4
2132,4
2133,35
2134,21
2135,20
2136,48
2137,4
2138,20
2139,48
2140,12
2141,20
2142,48
2143,20
2144,48
2145,12
2146,20
2147,20
2148,35
2149,4
2150,35
2151,20
2152,20
2153,20
2154,20
2155,20
2156,20
2157,49
2158,46
2159,21
2160,21
2161,28
2162,48
2163,21
2164,47
2165,48
2166,21
2167,4
2168,35
2169,20
2170,32
2171,11
2172,20
2173,20
2174,35
2175,48
2176,20
2177,4
2178,49
2179,28
2180,4
2181,28
2182,20
2183,21
2184,20
2185,4
2186,21
2187,35
2188,20
2189,20
2190,4
2191,3
2192,35
2193,4
2194,48
2195,46
2196,4
2197,35
2198,48
2199,20
2200,42
2201,35
2202,20
2203,35
2204,48
2205,21
2206,20
2207,35
2208,21
2209,28
2210,35
2211,42
2212,20
2213,48
2214,21
2215,4
2216,35
2217,20
2218,21
2219,11
2220,4
2221,20
2222,32
2223,35
2224,32
2225,20
2226,34
2227,21
2228,12
2229,28
2230,35
2231,40
2232,28
2233,27
2234,3
2235,35
2236,4
2237,4
2238,35
2239,28
2240,20
2241,20
2242,28
2243,21
2244,35
2245,27
2246,32
2247,21
2248,4
2249,46
2250,35
2251,35
2252,21
2253,42
2254,48
2255,48
2256,11
2257,20
2258,4
2259,21
2260,4
2261,20
2262,42
2263,21
2264,20
2265,28
2266,21
2267,48
2268,35
2269,20
2270,20
2271,35
2272,4
2273,40
2274,48
2275,48
2276,11
2277,20
2278,35
2279,42
2280,48
2281,21
2282,48
2283,34
2284,4
2285,21
2286,48
2287,11
2288,35
2289,28
2290,21
2291,20
2292,12
2293,20
2294,20
2295,20
2296,35
2297,21
2298,17
2299,48
2300,20
2301,35
2302,35
2303,35
2304,20
2305,3
2306,32
2307,4
2308,4
2309,4
2310,35
2311,20
2312,46
2313,32
2314,35
2315,20
2316,49
2317,12
2318,20
2319,48
2320,20
2321,42
2322,35
2323,4
2324,35
2325,21
2326,35
2327,35
2328,48
2329,20
2330,35
2331,42
2332,35
2333,20
2334,20
2335,46
2336,21
2337,35
2338,40
2339,4
2340,20
2341,11
2342,28
2343,48
2344,20
2345,20
2346,48
2347,21
2348,20
2349,20
2350,48
2351,20
2352,12
2353,35
2354,4
2355,35
2356,21
2357,20
2358,21
2359,4
2360,4
2361,48
2362,28
2363,35
2364,20
2365,34
2366,4
2367,20
2368,32
2369,21
2370,20
2371,20
2372,21
2373,48
2374,20
2375,4
2376,35
2377,34
2378,35
2379,35
2380,35
2381,35
2382,20
2383,21
2384,11
2385,32
2386,35
2387,4
2388,20
2389,48
2390,20
2391,20
2392,35
2393,20
2394,42
2395,21
2396,4
2397,11
2398,20
2399,20
2400,20
2401,49
2402,27
2403,20
2404,21
2405,35
2406,21
2407,21
2408,4
2409,35
2410,20
2411,28
2412,33
2413,12
2414,20
2415,20
2416,35
2417,20
2418,12
2419,20
2420,35
2421,35
2422,48
2423,46
2424,21
2425,20
2426,40
2427,48
2428,35
2429,48
2430,4
2431,4
2432,21
2433,20
2434,48
2435,35
2436,20
2437,28
2438,20
2439,4
2440,35
2441,20
2442,46
2443,20
2444,12
2445,42
2446,35
2447,20
2448,20
2449,20
2450,35
2451,21
2452,35
2453,35
2454,4
2455,49
2456,20
2457,4
2458,32
2459,35
2460,4
2461,11
2462,27
2463,10
2464,21
2465,3
2466,4
2467,48
2468,48
2469,35
2470,35
2471,20
2472,20
2473,3
2474,48
2475,35
2476,35
2477,21
2478,20
2479,21
2480,20
2481,4
2482,35
2483,20
2484,35
2485,20
2486,35
2487,28
2488,28
2489,20
2490,35
2491,35
2492,21
2493,20
2494,21
2495,48
2496,35
2497,35
2498,20
2499,4
2500,20
2501,35
2502,32
2503,35
2504,20
2505,21
2506,21
2507,24
2508,21
2509,35
2510,42
2511,42
2512,35
2513,4
2514,4
2515,20
2516,20
2517,20
2518,4
2519,20
2520,48
2521,48
2522,27
2523,48
2524,28
2525,3
2526,20
2527,4
2528,20
2529,46
2530,28
2531,21
2532,35
2533,12
2534,35
2535,35
2536,48
2537,21
2538,11
2539,35
2540,42
2541,48
2542,35
2543,35
2544,11
2545,35
2546,35
2547,20
2548,20
2549,0
2550,46
2551,48
2552,4
2553,20
2554,4
2555,12
2556,11
2557,20
2558,35
2559,20
2560,21
2561,35
2562,11
2563,35
2564,4
2565,4
2566,35
2567,4
2568,35
2569,28
2570,4
2571,21
2572,20
2573,35
2574,35
2575,4
2576,41
2577,28
2578,27
2579,4
2580,21
2581,35
2582,20
2583,48
2584,35
2585,20
2586,20
2587,20
2588,35
2589,21
2590,35
2591,20
2592,48
2593,8
2594,21
2595,32
2596,0
2597,20
2598,28
2599,20
2600,28
2601,46
2602,28
2603,20
2604,20
2605,20
2606,35
2607,20
2608,32
2609,35
2610,28
2611,35
2612,32
2613,48
2614,12
2615,48
2616,35
2617,29
2618,21
2619,12
2620,46
2621,48
2622,35
2623,12
2624,35
2625,35
2626,35
2627,35
2628,20
2629,27
2630,46
2631,21
2632,20
2633,12
2634,35
2635,21
2636,28
2637,32
2638,21
2639,48
2640,21
2641,48
2642,20
2643,35
2644,11
2645,35
2646,35
2647,49
2648,20
2649,20
2650,4
2651,35
2652,20
2653,35
2654,4
2655,4
2656,48
2657,27
2658,27
2659,35
2660,35
2661,21
2662,20
2663,34
2664,20
2665,35
2666,35
2667,12
2668,21
2669,48
2670,28
2671,20
2672,46
2673,3
2674,46
2675,20
2676,12
2677,21
2678,20
2679,20
2680,48
2681,4
2682,35
2683,48
2684,20
2685,21
2686,35
2687,4
2688,0
2689,4
2690,11
2691,21
2692,20
2693,4
2694,4
2695,11
2696,20
2697,4
2698,35
2699,35
2700,20
2701,4
2702,20
2703,20
2704,21
2705,48
2706,20
2707,4
2708,20
2709,20
2710,20
2711,20
2712,21
2713,20
2714,20
2715,11
2716,12
2717,20
2718,20
2719,35
2720,20
2721,20
2722,35
2723,21
2724,20
2725,35
2726,40
2727,40
2728,42
2729,12
2730,20
2731,20
2732,20
2733,20
2734,21
2735,20
2736,11
2737,27
2738,4
2739,35
2740,20
2741,48
2742,4
2743,11
2744,20
2745,48
2746,11
2747,20
2748,48
2749,20
2750,35
2751,48
2752,4
2753,20
2754,20
2755,4
2756,35
2757,20
2758,28
2759,35
2760,35
2761,4
2762,49
2763,20
2764,20
2765,20
2766,20
2767,4
2768,48
2769,20
2770,21
2771,42
2772,35
2773,28
2774,35
2775,8
2776,35
2777,4
2778,11
2779,20
2780,20
2781,21
2782,20
2783,20
2784,12
2785,21
2786,35
2787,20
2788,20
2789,35
2790,35
2791,35
2792,20
2793,20
2794,27
2795,4
2796,20
2797,35
2798,40
2799,20
2800,48
2801,20
2802,21
2803,20
2804,48
2805,35
2806,35
2807,4
2808,20
2809,20
2810,21
2811,35
2812,20
2813,20
2814,4
2815,3
2816,20
2817,21
2818,35
2819,7
2820,11
2821,28
2822,35
2823,4
2824,20
2825,4
2826,46
2827,35
2828,21
2829,20
2830,35
2831,35
2832,35
2833,20
2834,12
2835,28
2836,35
2837,21
2838,21
2839,21
2840,20
2841,20
2842,16
2843,20
2844,4
2845,4
2846,32
2847,48
2848,48
2849,44
2850,49
2851,20
2852,20
2853,4
2854,4
2855,20
2856,4
2857,4
2858,33
2859,21
2860,4
2861,46
2862,4
2863,4
2864,20
2865,34
2866,12
2867,20
2868,35
2869,4
2870,12
2871,33
2872,35
2873,48
2874,21
2875,46
2876,12
2877,35
2878,20
2879,35
2880,20
2881,20
2882,20
2883,20
2884,49
2885,4
2886,12
2887,48
2888,20
2889,20
2890,49
2891,28
2892,20
2893,35
2894,12
2895,4
2896,21
2897,20
2898,35
2899,48
2900,35
2901,35
2902,48
2903,4
2904,23
2905,20
2906,35
2907,11
2908,48
2909,48
2910,12
2911,40
2912,48
2913,21
2914,48
2915,35
2916,32
2917,34
2918,20
2919,4
2920,3
2921,41
2922,4
2923,20
2924,4
2925,20
2926,42
2927,35
2928,20
2929,20
2930,21
2931,21
2932,20
2933,46
2934,21
2935,20
2936,20
2937,21
2938,21
2939,20
2940,20
2941,35
2942,21
2943,21
2944,20
2945,4
2946,20
2947,35
2948,28
2949,11
2950,35
2951,20
2952,35
2953,4
2954,48
2955,21
2956,20
2957,20
2958,4
2959,21
2960,21
2961,20
2962,11
2963,4
2964,12
2965,35
2966,48
2967,20
2968,48
2969,20
2970,20
2971,4
2972,20
2973,4
2974,4
2975,20
2976,12
2977,46
2978,12
2979,35
2980,21
2981,35
2982,20
2983,21
2984,20
2985,20
2986,20
2987,20
2988,20
2989,20
2990,21
2991,12
2992,35
2993,20
2994,20
2995,48
2996,11
2997,21
2998,35
2999,20
3000,20
3001,12
3002,21
3003,12
3004,35
3005,48
3006,46
3007,48
3008,46
3009,20
3010,44
3011,4
3012,20
3013,20
3014,21
3015,32
3016,21
3017,20
3018,46
3019,35
3020,41
3021,37
3022,46
3023,23
3024,35
3025,35
3026,4
3027,4
3028,32
3029,35
3030,11
3031,4
3032,11
3033,35
3034,35
3035,4
3036,4
3037,20
3038,34
3039,11
3040,35
3041,21
3042,20
3043,48
3044,12
3045,11
3046,4
3047,35
3048,11
3049,4
3050,44
3051,35
3052,48
3053,42
3054,12
3055,4
3056,20
3057,20
3058,20
3059,46
3060,28
3061,21
3062,12
3063,20
3064,46
3065,20
3066,20
3067,35
3068,35
3069,20
3070,33
3071,35
3072,35
3073,35
3074,35
3075,35
3076,28
3077,35
3078,28
3079,21
3080,35
3081,12
3082,48
3083,48
3084,4
3085,4
3086,21
3087,4
3088,4
3089,4
3090,4
3091,20
3092,35
3093,48
3094,12
3095,35
3096,48
3097,35
3098,48
3099,7
3100,12
3101,20
3102,35
3103,35
3104,20
3105,21
3106,30
3107,20
3108,20
3109,11
3110,4
3111,42
3112,20
3113,35
3114,35
3115,21
3116,0
3117,48
3118,35
3119,4
3120,20
3121,12
3122,28
3123,35
3124,4
3125,20
3126,4
3127,48
3128,28
3129,20
3130,35
3131,28
3132,4
3133,35
3134,21
3135,20
3136,33
3137,20
3138,48
3139,21
3140,20
3141,21
3142,20
3143,21
3144,35
3145,48
3146,35
3147,48
3148,20
3149,4
3150,21
3151,4
3152,28
3153,11
3154,42
3155,48
3156,35
3157,35
3158,34
3159,28
3160,20
3161,11
3162,48
3163,21
3164,48
3165,35
3166,20
3167,20
3168,21
3169,28
3170,28
3171,21
3172,20
3173,21
3174,4
3175,42
3176,46
3177,20
3178,4
3179,4
3180,27
3181,27
3182,48
3183,4
3184,4
3185,21
3186,48
3187,20
3188,35
3189,35
3190,21
3191,35
3192,20
3193,20
3194,27
3195,48
3196,12
3197,12
3198,35
3199,21
3200,35
3201,20
3202,4
3203,20
3204,20
3205,11
3206,11
3207,28
3208,4
3209,4
3210,4
3211,4
3212,35
3213,11
3214,32
3215,21
3216,20
3217,12
3218,3
3219,48
3220,4
3221,35
3222,48
3223,21
3224,21
3225,11
3226,20
3227,4
3228,4
3229,4
3230,12
3231,20
3232,35
3233,21
3234,35
3235,21
3236,4
3237,21
3238,21
3239,21
3240,44
3241,35
3242,20
3243,20
3244,4
3245,42
3246,35
3247,4
3248,28
3249,41
3250,4
3251,35
3252,21
3253,11
3254,20
3255,11
3256,21
3257,36
3258,48
3259,35
3260,4
3261,48
3262,20
3263,35
3264,20
3265,21
3266,12
3267,28
3268,28
3269,32
3270,21
3271,4
3272,11
3273,35
3274,35
3275,20
3276,35
3277,24
3278,12
3279,40
3280,48
3281,35
3282,48
3283,21
3284,4
3285,46
3286,4
3287,20
3288,11
3289,35
3290,12
3291,48
3292,21
3293,35
3294,20
3295,48
3296,48
3297,35
3298,11
3299,48
3300,35
3301,27
3302,4
3303,46
3304,35
3305,20
3306,20
3307,20
3308,28
3309,40
3310,42
3311,46
3312,20
3313,48
3314,21
3315,4
3316,0
3317,28
3318,21
3319,20
3320,21
3321,20
3322,20
3323,35
3324,28
3325,20
3326,20
3327,4
3328,35
3329,35
3330,20
3331,20
3332,20
3333,48
3334,35
3335,35
3336,48
3337,42
3338,35
3339,20
3340,20
3341,21
3342,4
3343,8
3344,20
3345,11
3346,20
3347,0
3348,12
3349,21
3350,21
3351,35
3352,21
3353,20
3354,21
3355,48
3356,41
3357,35
3358,20
3359,4
3360,48
3361,20
3362,21
3363,48
3364,20
3365,20
3366,48
3367,48
3368,25
3369,20
3370,20
3371,20
3372,48
3373,20
3374,20
3375,20
3376,4
3377,4
3378,48
3379,20
3380,21
3381,4
3382,35
3383,20
3384,35
3385,35
3386,47
3387,4
3388,35
3389,40
3390,46
3391,32
3392,21
3393,20
3394,21
3395,20
3396,4
3397,11
3398,20
3399,20
3400,46
3401,21
3402,32
3403,48
3404,4
3405,48
3406,20
3407,46
3408,35
3409,21
3410,20
3411,48
3412,48
3413,48
3414,46
3415,20
3416,35
3417,48
3418,46
3419,35
3420,4
3421,4
3422,21
3423,4
3424,12
3425,12
3426,4
3427,20
3428,48
3429,20
3430,20
3431,20
3432,21
3433,20
3434,4
3435,11
3436,20
3437,20
3438,21
3439,42
3440,20
3441,32
3442,42
3443,20
3444,3
3445,35
3446,20
3447,20
3448,12
3449,36
3450,28
3451,48
3452,20
3453,48
3454,33
3455,4
3456,21
3457,21
3458,12
3459,20
3460,21
3461,48
3462,12
3463,4
3464,48
3465,21
3466,28
3467,35
3468,4
3469,42
3470,48
3471,35
3472,4
3473,4
3474,35
3475,20
3476,21
3477,48
3478,4
3479,49
3480,39
3481,4
3482,6
3483,48
3484,4
3485,48
3486,48
3487,42
3488,35
3489,35
3490,48
3491,11
3492,11
3493,44
3494,49
3495,48
3496,35
3497,35
3498,35
3499,42
3500,11
3501,12
3502,11
3503,20
3504,20
3505,20
3506,48
3507,20
3508,3
3509,48
3510,35
3511,35
3512,20
3513,4
3514,27
3515,20
3516,20
3517,35
3518,21
3519,42
3520,46
3521,20
3522,35
3523,33
3524,48
3525,35
3526,20
3527,4
3528,20
3529,46
3530,21
3531,12
3532,42
3533,4
3534,20
3535,21
3536,48
3537,11
3538,23
3539,35
3540,20
3541,48
3542,11
3543,12
3544,48
3545,44
3546,48
3547,20
3548,32
3549,35
3550,32
3551,4
3552,11
3553,21
3554,35
3555,35
3556,48
3557,48
3558,46
3559,47
3560,20
3561,20
3562,35
3563,20
3564,48
3565,3
3566,21
3567,28
3568,48
3569,20
3570,4
3571,20
3572,35
3573,48
3574,21
3575,34
3576,4
3577,20
3578,4
3579,35
3580,21
3581,21
3582,21
3583,20
3584,48
3585,4
3586,4
3587,46
3588,48
3589,20
3590,40
3591,48
3592,35
3593,20
3594,4
3595,20
3596,28
3597,21
3598,4
3599,20
3600,46
3601,20
3602,21
3603,48
3604,48
3605,7
3606,35
3607,35
3608,28
3609,20
3610,46
3611,20
3612,20
3613,21
3614,20
3615,20
3616,48
3617,20
3618,35
3619,20
3620,20
3621,11
3622,48
3623,35
3624,46
3625,35
3626,20
3627,21
3628,35
3629,21
3630,20
3631,20
3632,20
3633,48
3634,35
3635,12
3636,33
3637,46
3638,4
3639,28
3640,28
3641,35
3642,35
3643,48
3644,0
3645,48
3646,4
3647,20
3648,49
3649,48
3650,3
3651,6
3652,21
3653,20
3654,48
3655,28
3656,12
3657,12
3658,48
3659,48
3660,48
3661,48
3662,20
3663,11
3664,20
3665,21
3666,20
3667,23
3668,20
3669,32
3670,4
3671,32
3672,23
3673,21
3674,48
3675,42
3676,48
3677,12
3678,4
3679,48
3680,28
3681,48
3682,35
3683,20
3684,21
3685,12
3686,11
3687,11
3688,12
3689,20
3690,20
3691,21
3692,35
3693,20
3694,21
3695,34
3696,20
3697,4
3698,4
3699,11
3700,20
3701,35
3702,46
3703,20
3704,42
3705,35
3706,48
3707,4
3708,4
3709,21
3710,42
3711,35
3712,21
3713,20
3714,35
3715,20
3716,27
3717,35
3718,32
3719,12
3720,21
3721,20
3722,48
3723,42
3724,21
3725,20
3726,48
3727,21
3728,28
3729,48
3730,48
3731,48
3732,28
3733,10
3734,48
3735,48
3736,12
3737,35
3738,0
3739,48
3740,49
3741,3
3742,4
3743,20
3744,35
3745,20
3746,20
3747,21
3748,4
3749,21
3750,12
3751,11
3752,48
3753,20
3754,12
3755,44
3756,4
3757,21
3758,46
3759,35
3760,21
3761,20
3762,47
3763,21
3764,48
3765,48
3766,48
3767,35
3768,35
3769,20
3770,20
3771,21
3772,21
3773,48
3774,10
3775,21
3776,21
3777,48
3778,20
3779,28
3780,11
3781,48
3782,28
3783,21
3784,35
3785,11
3786,35
3787,48
3788,35
3789,34
3790,48
3791,4
3792,20
3793,48
3794,11
3795,35
3796,46
3797,20
3798,28
3799,20
3800,21
3801,21
3802,21
3803,35
3804,21
3805,21
3806,35
3807,20
3808,20
3809,42
3810,21
3811,41
3812,21
3813,48
3814,20
3815,44
3816,35
3817,20
3818,48
3819,4
3820,44
3821,21
3822,11
3823,4
3824,35
3825,4
3826,35
3827,21
3828,48
3829,35
3830,20
3831,20
3832,35
3833,11
3834,21
3835,48
3836,4
3837,35
3838,20
3839,28
3840,21
3841,20
3842,35
3843,46
3844,21
3845,4
3846,12
3847,20
3848,21
3849,27
3850,42
3851,27
3852,35
3853,11
3854,46
3855,35
3856,35
3857,23
3858,35
3859,41
3860,48
3861,48
3862,4
3863,48
3864,46
3865,21
3866,21
3867,48
3868,20
3869,11
3870,28
3871,20
3872,35
3873,48
3874,35
3875,4
3876,35
3877,21
3878,12
3879,28
3880,32
3881,21
3882,48
3883,20
3884,3
3885,49
3886,20
3887,21
3888,46
3889,21
3890,4
3891,21
3892,48
3893,48
3894,4
3895,21
3896,20
3897,48
3898,20
3899,20
3900,35
3901,48
3902,11
3903,35
3904,21
3905,35
3906,48
3907,32
3908,11
3909,20
3910,11
3911,20
3912,21
3913,20
3914,35
3915,46
3916,35
3917,11
3918,21
3919,11
3920,35
3921,21
3922,21
3923,21
3924,21
3925,21
3926,21
3927,21
3928,12
3929,35
3930,48
3931,48
3932,8
3933,35
3934,35
3935,33
3936,12
3937,48
3938,4
3939,27
3940,35
3941,21
3942,21
3943,35
3944,35
3945,42
3946,48
3947,20
3948,20
3949,35
3950,35
3951,20
3952,35
3953,48
3954,42
3955,48
3956,46
3957,12
3958,0
3959,48
3960,35
3961,35
3962,20
3963,35
3964,21
3965,12
3966,20
3967,20
3968,42
3969,33
3970,35
3971,20
3972,12
3973,32
3974,35
3975,20
3976,48
3977,11
3978,4
3979,20
3980,48
3981,48
3982,4
3983,4
3984,35
3985,48
3986,48
3987,48
3988,11
3989,11
3990,28
3991,35
3992,21
3993,28
3994,17
3995,4
3996,35
3997,48
3998,10
3999,42
4000,20
4001,20
4002,35
4003,42
4004,35
4005,20
4006,48
4007,46
4008,4
4009,35
4010,20
4011,32
4012,42
4013,48
4014,20
4015,35
4016,48
4017,4
4018,21
4019,28
4020,48
4021,20
4022,20
4023,20
4024,48
4025,11
4026,20
4027,21
4028,4
4029,48
4030,21
4031,44
4032,21
4033,43
4034,21
4035,48
4036,20
4037,3
4038,21
4039,17
4040,4
4041,21
4042,20
4043,48
4044,35
4045,46
4046,35
4047,27
4048,20
4049,42
4050,48
4051,20
4052,48
4053,35
4054,35
4055,48
4056,20
4057,48
4058,4
4059,20
4060,35
4061,12
4062,35
4063,48
4064,35
4065,20
4066,35
4067,35
4068,48
4069,35
4070,21
4071,35
4072,11
4073,28
4074,21
4075,11
4076,20
4077,42
4078,42
4079,48
4080,28
4081,48
4082,35
4083,21
4084,12
4085,11
4086,20
4087,21
4088,12
4089,10
4090,12
4091,4
4092,35
4093,35
4094,21
4095,35
4096,35
4097,35
4098,35
4099,35
4100,35
4101,32
4102,17
4103,35
4104,28
4105,41
4106,4
4107,21
4108,12
4109,35
4110,20
4111,48
4112,48
4113,4
4114,3
4115,20
4116,21
4117,40
4118,35
4119,20
4120,20
4121,21
4122,40
4123,20
4124,48
4125,11
4126,11
4127,46
4128,27
4129,35
4130,34
4131,48
4132,35
4133,20
4134,20
4135,0
4136,3
4137,21
4138,12
4139,35
4140,4
4141,35
4142,42
4143,20
4144,4
4145,35
4146,4
4147,20
4148,20
4149,21
4150,20
4151,42
4152,42
4153,27
4154,3
4155,35
4156,47
4157,48
4158,21
4159,20
4160,35
4161,48
4162,48
4163,20
4164,35
4165,20
4166,11
4167,49
4168,4
4169,35
4170,28
4171,20
4172,20
4173,12
4174,4
4175,21
4176,4
4177,11
4178,4
4179,35
4180,11
4181,35
4182,4
4183,17
4184,48
4185,21
4186,36
4187,20
4188,35
4189,4
4190,49
4191,35
4192,20
4193,4
4194,4
4195,35
4196,20
4197,4
4198,20
4199,48
4200,46
4201,48
4202,20
4203,21
4204,4
4205,20
4206,35
4207,28
4208,20
4209,28
4210,48
4211,4
4212,27
4213,35
4214,20
4215,46
4216,48
4217,48
4218,12
4219,48
4220,4
4221,35
4222,20
4223,20
4224,20
4225,21
4226,21
4227,4
4228,28
4229,35
4230,12
4231,28
4232,48
4233,48
4234,4
4235,3
4236,46
4237,21
4238,46
4239,20
4240,34
4241,46
4242,12
4243,20
4244,12
4245,28
4246,35
4247,4
4248,20
4249,20
4250,12
4251,21
4252,35
4253,20
4254,4
4255,35
4256,21
4257,49
4258,46
4259,20
4260,20
4261,20
4262,11
4263,46
4264,48
4265,21
4266,20
4267,21
4268,21
4269,48
4270,21
4271,4
4272,20
4273,42
4274,4
4275,46
4276,4
4277,35
4278,32
4279,47
4280,21
4281,48
4282,20
4283,21
4284,42
4285,35
4286,20
4287,20
4288,48
4289,4
4290,24
4291,11
4292,23
4293,11
4294,35
4295,4
4296,21
4297,27
4298,27
4299,27
4300,49
4301,21
4302,23
4303,42
4304,48
4305,35
4306,35
4307,4
4308,35
4309,48
4310,35
4311,35
4312,20
4313,21
4314,35
4315,4
4316,20
4317,35
4318,35
4319,42
4320,12
4321,21
4322,35
4323,21
4324,11
4325,20
4326,4
4327,20
4328,21
4329,12
4330,20
4331,35
4332,4
4333,4
4334,4
4335,20
4336,21
4337,42
4338,20
4339,27
4340,4
4341,35
4342,12
4343,48
4344,4
4345,21
4346,48
4347,4
4348,16
4349,20
4350,48
4351,35
4352,4
4353,21
4354,20
4355,48
4356,4
4357,4
4358,4
4359,20
4360,21
4361,35
4362,28
4363,20
4364,48
4365,28
4366,11
4367,4
4368,42
4369,32
4370,20
4371,4
4372,48
4373,35
4374,48
4375,35
4376,35
4377,12
4378,48
4379,48
4380,35
4381,4
4382,35
4383,4
4384,4
4385,35
4386,48
4387,48
4388,4
4389,3
4390,42
4391,21
4392,48
4393,35
4394,46
4395,28
4396,48
4397,35
4398,4
4399,48
4400,4
4401,20
4402,17
4403,35
4404,35
4405,21
4406,11
4407,48
4408,20
4409,20
4410,48
4411,4
4412,21
4413,48
4414,35
4415,11
4416,12
4417,28
4418,12
4419,12
4420,20
4421,4
4422,35
4423,35
4424,4
4425,21
4426,35
4427,46
4428,42
4429,35
4430,34
4431,4
4432,12
4433,20
4434,4
4435,20
4436,48
4437,48
4438,21
4439,48
4440,35
4441,11
4442,12
4443,4
4444,35
4445,34
4446,34
4447,23
4448,21
4449,20
4450,4
4451,35
4452,4
4453,21
4454,4
4455,35
4456,11
4457,4
4458,11
4459,36
4460,21
4461,48
4462,33
4463,20
4464,21
4465,48
4466,32
4467,28
4468,33
4469,4
4470,4
4471,35
4472,4
4473,20
4474,11
4475,4
4476,0
4477,12
4478,12
4479,12
4480,48
4481,38
4482,42
4483,35
4484,12
4485,21
4486,21
4487,28
4488,48
4489,48
4490,12
4491,20
4492,49
4493,48
4494,11
4495,4
4496,35
4497,36
4498,27
4499,4
4500,42
4501,35
4502,4
4503,47
4504,4
4505,35
4506,11
4507,20
4508,35
4509,35
4510,34
4511,21
4512,0
4513,35
4514,35
4515,33
4516,28
4517,28
4518,48
4519,35
4520,28
4521,41
4522,21
4523,35
4524,20
4525,48
4526,21
4527,35
4528,21
4529,3
4530,35
4531,44
4532,35
4533,35
4534,35
4535,21
4536,48
4537,4
4538,4
4539,35
4540,48
4541,4
4542,21
4543,21
4544,20
4545,21
4546,35
4547,11
4548,4
4549,21
4550,20
4551,48
4552,21
4553,4
4554,46
4555,27
4556,4
4557,35
4558,21
4559,21
4560,35
4561,33
4562,48
4563,48
4564,48
4565,35
4566,42
4567,33
4568,12
4569,11
4570,34
4571,35
4572,11
4573,35
4574,35
4575,20
4576,7
4577,4
4578,4
4579,20
4580,20
4581,28
4582,11
4583,4
4584,35
4585,35
4586,4
4587,20
4588,12
4589,4
4590,21
4591,12
4592,48
4593,44
4594,40
4595,12
4596,48
4597,4
4598,11
4599,48
4600,48
4601,21
4602,35
4603,4
4604,46
4605,46
4606,35
4607,35
4608,35
4609,48
4610,4
4611,4
4612,21
4613,21
4614,35
4615,35
4616,34
4617,21
4618,20
4619,35
4620,20
4621,48
4622,4
4623,11
4624,48
4625,21
4626,21
4627,35
4628,20
4629,21
4630,8
4631,3
4632,47
4633,35
4634,35
4635,4
4636,35
4637,35
4638,21
4639,21
4640,35
4641,12
4642,21
4643,35
4644,48
4645,4
4646,4
4647,12
4648,4
4649,48
4650,48
4651,44
4652,28
4653,36
4654,4
4655,20
4656,46
4657,11
4658,4
4659,4
4660,21
4661,21
4662,48
4663,12
4664,4
4665,4
4666,12
4667,21
4668,21
4669,48
4670,35
4671,11
4672,28
4673,20
4674,35
4675,48
4676,35
4677,27
4678,3
4679,21
4680,48
4681,11
4682,33
4683,21
4684,21
4685,32
4686,4
4687,12
4688,46
4689,35
4690,35
4691,27
4692,4
4693,4
4694,0
4695,20
4696,4
4697,46
4698,4
4699,4
4700,21
4701,33
4702,35
4703,48
4704,48
4705,4
4706,17
4707,27
4708,48
4709,48
4710,48
4711,48
4712,4
4713,12
4714,20
4715,48
4716,21
4717,35
4718,11
4719,0
4720,28
4721,35
4722,4
4723,48
4724,35
4725,48
4726,11
4727,48
4728,12
4729,48
4730,48
4731,48
4732,48
4733,48
4734,48
4735,48
4736,48
4737,35
4738,48
4739,4
4740,21
4741,12
4742,48
4743,3
4744,21
4745,4
4746,32
4747,35
4748,11
4749,48
4750,35
4751,48
4752,21
4753,20
4754,3
4755,20
4756,4
4757,20
4758,4
4759,44
4760,0
4761,20
4762,48
4763,4
4764,46
4765,4
4766,21
4767,20
4768,42
4769,28
4770,21
4771,35
4772,12
4773,47
4774,35
4775,35
4776,48
4777,48
4778,4
4779,35
4780,12
4781,35
4782,10
4783,28
4784,12
4785,4
4786,3
4787,21
4788,20
4789,4
4790,32
4791,28
4792,33
4793,32
4794,20
4795,12
4796,11
4797,46
4798,4
4799,11
4800,4
4801,48
4802,46
4803,12
4804,12
4805,4
4806,47
4807,28
4808,20
4809,35
4810,48
4811,21
4812,4
4813,21
4814,4
4815,48
4816,46
4817,12
4818,44
4819,4
4820,21
4821,21
4822,49
4823,42
4824,11
4825,35
4826,11
4827,21
4828,48
4829,11
4830,4
4831,42
4832,12
4833,4
4834,46
4835,46
4836,20
4837,4
4838,12
4839,28
4840,20
4841,35
4842,12
4843,28
4844,3
4845,4
4846,4
4847,4
4848,35
4849,46
4850,35
4851,32
4852,35
4853,12
4854,3
4855,11
4856,7
4857,22
4858,21
4859,48
4860,48
4861,35
4862,20
4863,12
4864,48
4865,48
4866,12
4867,21
4868,33
4869,35
4870,21
4871,21
4872,46
4873,48
4874,35
4875,11
4876,35
4877,49
4878,11
4879,35
4880,35
4881,20
4882,46
4883,35
4884,3
4885,20
4886,4
4887,47
4888,11
4889,21
4890,11
4891,4
4892,35
4893,35
4894,35
4895,32
4896,48
4897,48
4898,48
4899,28
4900,20
4901,4
4902,3
4903,35
4904,27
4905,20
4906,48
4907,42
4908,46
4909,46
4910,28
4911,35
4912,48
4913,11
4914,4
4915,46
4916,28
4917,48
4918,4
4919,35
4920,46
4921,35
4922,35
4923,27
4924,20
4925,21
4926,48
4927,39
4928,20
4929,35
4930,4
4931,46
4932,42
4933,4
4934,27
4935,4
4936,32
4937,23
4938,41
4939,11
4940,34
4941,35
4942,4
4943,48
4944,21
4945,20
4946,4
4947,35
4948,21
4949,48
4950,48
4951,32
4952,12
4953,21
4954,21
4955,20
4956,33
4957,4
4958,35
4959,48
4960,12
4961,32
4962,11
4963,35
4964,4
4965,35
4966,35
4967,48
4968,48
4969,11
4970,35
4971,11
4972,12
4973,46
4974,35
4975,21
4976,48
4977,28
4978,11
4979,42
4980,48
4981,28
4982,49
4983,35
4984,35
4985,28
4986,48
4987,46
4988,48
4989,20
4990,3
4991,48
4992,12
4993,4
4994,35
4995,20
4996,21
4997,35
4998,46
4999,21
5000,3
5001,21
5002,12
5003,27
5004,4
5005,48
5006,28
5007,28
5008,21
5009,4
5010,48
5011,17
5012,28
5013,21
5014,0
5015,28
5016,12
5017,21
5018,6
5019,48
5020,4
5021,46
5022,4
5023,12
5024,49
5025,12
5026,48
5027,28
5028,46
5029,28
5030,11
5031,20
5032,11
5033,35
5034,21
5035,4
5036,4
5037,12
5038,12
5039,48
5040,42
5041,21
5042,48
5043,20
5044,48
5045,21
5046,35
5047,4
5048,4
5049,12
5050,21
5051,11
5052,46
5053,48
5054,28
5055,35
5056,48
5057,4
5058,48
5059,42
5060,46
5061,21
5062,48
5063,35
5064,20
5065,20
5066,21
5067,21
5068,21
5069,21
5070,35
5071,4
5072,0
5073,20
5074,21
5075,12
5076,35
5077,46
5078,35
5079,0
5080,33
5081,4
5082,10
5083,48
5084,44
5085,35
5086,21
5087,48
5088,21
5089,21
5090,21
5091,4
5092,35
5093,35
5094,28
5095,48
5096,20
5097,48
5098,33
5099,35
5100,4
5101,4
5102,35
5103,21
5104,35
5105,20
5106,46
5107,35
5108,28
5109,35
5110,35
5111,20
5112,21
5113,12
5114,35
5115,12
5116,42
5117,21
5118,12
5119,21
5120,12
5121,21
5122,21
5123,4
5124,12
5125,46
5126,20
5127,12
5128,11
5129,4
5130,28
5131,35
5132,0
5133,20
5134,20
5135,47
5136,11
5137,42
5138,20
5139,48
5140,48
5141,11
5142,8
5143,35
5144,35
5145,21
5146,35
5147,42
5148,4
5149,21
5150,4
5151,35
5152,48
5153,11
5154,28
5155,21
5156,20
5157,4
5158,35
5159,21
5160,21
5161,12
5162,12
5163,21
5164,21
5165,35
5166,4
5167,35
5168,48
5169,4
5170,35
5171,4
5172,4
5173,12
5174,35
5175,46
5176,21
5177,32
5178,21
5179,4
5180,11
5181,33
5182,4
5183,20
5184,47
5185,35
5186,48
5187,36
5188,20
5189,11
5190,35
5191,48
5192,32
5193,44
5194,48
5195,12
5196,11
5197,48
5198,4
5199,28
5200,48
5201,41
5202,46
5203,0
5204,48
5205,46
5206,4
5207,4
5208,32
5209,35
5210,4
5211,46
5212,21
5213,21
5214,21
5215,35
5216,46
5217,20
5218,28
5219,48
5220,28
5221,48
5222,20
5223,20
5224,46
5225,21
5226,20
5227,0
5228,21
5229,21
5230,12
5231,21
5232,28
5233,12
5234,20
5235,21
5236,11
5237,42
5238,4
5239,35
5240,28
5241,21
5242,4
5243,25
5244,11
5245,27
5246,23
5247,48
5248,28
5249,28
5250,48
5251,8
5252,21
5253,27
5254,21
5255,20
5256,4
5257,35
5258,12
5259,12
5260,20
5261,42
5262,4
5263,21
5264,35
5265,11
5266,12
5267,21
5268,49
5269,12
5270,20
5271,21
5272,21
5273,21
5274,42
5275,20
5276,21
5277,21
5278,21
5279,20
5280,48
5281,35
5282,48
5283,4
5284,12
5285,4
5286,21
5287,35
5288,8
5289,4
5290,4
5291,4
5292,11
5293,48
5294,35
5295,35
5296,21
5297,0
5298,48
5299,48
5300,49
5301,12
5302,4
5303,34
5304,4
5305,35
5306,48
5307,28
5308,27
5309,36
5310,20
5311,32
5312,48
5313,11
5314,21
5315,11
5316,46
5317,21
5318,12
5319,48
5320,12
5321,35
5322,20
5323,48
5324,35
5325,35
5326,12
5327,21
5328,35
5329,48
5330,4
5331,33
5332,32
5333,46
5334,12
5335,27
5336,11
5337,4
5338,46
5339,32
5340,4
5341,12
5342,11
5343,48
5344,48
5345,4
5346,32
5347,35
5348,32
5349,11
5350,21
5351,21
5352,21
5353,35
5354,20
5355,12
5356,4
5357,35
5358,48
5359,42
5360,35
5361,12
5362,48
5363,12
5364,35
5365,6
5366,4
5367,3
5368,4
5369,20
5370,20
5371,4
5372,48
5373,48
5374,20
5375,35
5376,12
5377,46
5378,28
5379,12
5380,48
5381,35
5382,4
5383,20
5384,35
5385,35
5386,4
5387,35
5388,35
5389,17
5390,28
5391,48
5392,27
5393,49
5394,4
5395,21
5396,21
5397,48
5398,49
5399,4
5400,35
5401,21
5402,48
5403,35
5404,3
5405,0
5406,4
5407,48
5408,21
5409,32
5410,12
5411,28
5412,21
5413,27
5414,12
5415,4
5416,21
5417,35
5418,48
5419,12
5420,4
5421,4
5422,4
5423,4
5424,20
5425,4
5426,4
5427,4
5428,4
5429,4
5430,11
5431,27
5432,36
5433,21
5434,48
5435,21
5436,48
5437,4
5438,4
5439,48
5440,28
5441,21
5442,21
5443,4
5444,48
5445,35
5446,32
5447,42
5448,11
5449,11
5450,4
5451,21
5452,12
5453,28
5454,42
5455,21
5456,12
5457,20
5458,12
5459,21
5460,46
5461,20
5462,12
5463,4
5464,21
5465,48
5466,35
5467,48
5468,35
5469,4
5470,12
5471,32
5472,24
5473,48
5474,36
5475,48
5476,48
5477,28
5478,12
5479,11
5480,49
5481,20
5482,20
5483,49
5484,4
5485,21
5486,4
5487,4
5488,4
5489,35
5490,20
5491,48
5492,48
5493,21
5494,4
5495,48
5496,11
5497,11
5498,48
5499,20
5500,35
5501,21
5502,11
5503,21
5504,35
5505,21
5506,21
5507,35
5508,10
5509,12
5510,4
5511,35
5512,35
5513,48
5514,35
5515,4
5516,46
5517,12
5518,46
5519,48
5520,48
5521,20
5522,4
5523,4
5524,4
5525,4
5526,21
5527,21
5528,21
5529,20
5530,21
5531,12
5532,28
5533,42
5534,12
5535,21
5536,11
5537,11
5538,4
5539,35
5540,20
5541,20
5542,4
5543,20
5544,21
5545,20
5546,48
5547,4
5548,4
5549,28
5550,35
5551,21
5552,21
5553,35
5554,49
5555,32
5556,27
5557,11
5558,4
5559,11
5560,48
5561,46
5562,4
5563,4
5564,20
5565,20
5566,11
5567,4
5568,4
5569,48
5570,4
5571,4
5572,21
5573,4
5574,35
5575,4
5576,46
5577,4
5578,12
5579,4
5580,12
5581,28
5582,28
5583,21
5584,4
5585,42
5586,11
5587,21
5588,8
5589,4
5590,12
5591,41
5592,35
5593,11
5594,23
5595,48
5596,12
5597,36
5598,4
5599,35
5600,11
5601,48
5602,4
5603,4
5604,48
5605,48
5606,46
5607,4
5608,36
5609,48
5610,27
5611,4
5612,3
5613,4
5614,11
5615,4
5616,35
5617,11
5618,20
5619,20
5620,20
5621,21
5622,48
5623,35
5624,21
5625,42
5626,48
5627,35
5628,4
5629,42
5630,48
5631,21
5632,48
5633,4
5634,11
5635,46
5636,35
5637,35
5638,4
5639,4
5640,35
5641,42
5642,11
5643,48
5644,48
5645,48
5646,49
5647,17
5648,4
5649,11
5650,0
5651,4
5652,4
5653,4
5654,35
5655,48
5656,21
5657,46
5658,27
5659,42
5660,36
5661,35
5662,28
5663,21
5664,12
5665,11
5666,4
5667,49
5668,4
5669,35
5670,21
5671,11
5672,33
5673,46
5674,21
5675,48
5676,4
5677,35
5678,12
5679,4
5680,21
5681,35
5682,21
5683,12
5684,11
5685,21
5686,49
5687,48
5688,46
5689,48
5690,11
5691,12
5692,46
5693,4
5694,28
5695,21
5696,21
5697,4
5698,35
5699,4
5700,42
5701,21
5702,48
5703,28
5704,21
5705,4
5706,35
5707,35
5708,35
5709,48
5710,44
5711,48
5712,35
5713,4
5714,21
5715,48
5716,21
5717,33
5718,4
5719,48
5720,4
5721,4
5722,12
5723,11
5724,12
5725,4
5726,12
5727,11
5728,21
5729,35
5730,12
5731,11
5732,21
5733,20
5734,48
5735,48
5736,4
5737,12
5738,4
5739,21
5740,20
5741,0
5742,48
5743,42
5744,4
5745,41
5746,28
5747,20
5748,21
5749,28
5750,20
5751,4
5752,35
5753,48
5754,35
5755,21
5756,46
5757,41
5758,35
5759,11
5760,20
5761,48
5762,20
5763,12
5764,20
5765,49
5766,4
5767,4
5768,33
5769,35
5770,48
5771,4
5772,20
5773,21
5774,41
5775,20
5776,20
5777,46
5778,35
5779,20
5780,12
5781,46
5782,35
5783,4
5784,25
5785,25
5786,25
5787,25
5788,25
5789,25
5790,25
5791,25
5792,25
5793,25
5794,48
5795,3
5796,12
5797,28
5798,21
5799,20
5800,20
5801,28
5802,32
5803,4
5804,12
5805,48
5806,4
5807,11
5808,21
5809,4
5810,28
5811,48
5812,4
5813,35
5814,21
5815,21
5816,20
5817,48
5818,21
5819,21
5820,4
5821,28
5822,48
5823,4
5824,48
5825,34
5826,12
5827,4
5828,8
5829,48
5830,12
5831,46
5832,28
5833,48
5834,32
5835,11
5836,35
5837,21
5838,4
5839,35
5840,12
5841,4
5842,48
5843,48
5844,4
5845,4
5846,20
5847,35
5848,35
5849,4
5850,48
5851,4
5852,42
5853,33
5854,4
5855,33
5856,46
5857,35
5858,4
5859,0
5860,4
5861,21
5862,21
5863,4
5864,4
5865,48
5866,11
5867,12
5868,21
5869,4
5870,46
5871,4
5872,4
5873,4
5874,27
5875,48
5876,35
5877,12
5878,11
5879,48
5880,48
5881,0
5882,21
5883,21
5884,48
5885,12
5886,35
5887,21
5888,20
5889,21
5890,48
5891,48
5892,21
5893,23
5894,35
5895,46
5896,11
5897,48
5898,20
5899,20
5900,35
5901,48
5902,28
5903,48
5904,46
5905,35
5906,35
5907,4
5908,48
5909,48
5910,21
5911,21
5912,12
5913,4
5914,4
5915,12
5916,36
5917,4
5918,4
5919,35
5920,20
5921,28
5922,4
5923,4
5924,4
5925,4
5926,35
5927,4
5928,21
5929,35
5930,21
5931,21
5932,35
5933,28
5934,21
5935,21
5936,21
5937,46
5938,12
5939,48
5940,10
5941,4
5942,12
5943,11
5944,17
5945,28
5946,21
5947,35
5948,21
5949,12
5950,35
5951,48
5952,35
5953,48
5954,46
5955,48
5956,28
5957,49
5958,28
5959,42
5960,35
5961,21
5962,11
5963,48
5964,33
5965,42
5966,4
5967,4
5968,48
5969,27
5970,48
5971,28
5972,4
5973,11
5974,48
5975,42
5976,27
5977,4
5978,11
5979,28
5980,4
5981,20
5982,35
5983,21
5984,21
5985,34
5986,4
5987,11
5988,35
5989,4
5990,46
5991,20
5992,48
5993,48
5994,4
5995,24
5996,27
5997,4
5998,4
5999,48
6000,4
6001,35
6002,28
6003,35
6004,48
6005,28
6006,4
6007,35
6008,48
6009,28
6010,11
6011,4
6012,42
6013,21
6014,48
6015,21
6016,35
6017,27
6018,0
6019,35
6020,35
6021,23
6022,35
6023,46
6024,49
6025,21
6026,21
6027,35
6028,4
6029,21
6030,4
6031,35
6032,35
6033,20
6034,20
6035,35
6036,35
6037,48
6038,4
6039,35
6040,30
6041,35
6042,11
6043,21
6044,4
6045,48
6046,48
6047,27
6048,12
6049,35
6050,4
6051,4
6052,21
6053,6
6054,48
6055,42
6056,21
6057,48
6058,21
6059,11
6060,35
6061,33
6062,21
6063,20
6064,48
6065,12
6066,7
6067,21
6068,48
6069,46
6070,28
6071,4
6072,11
6073,33
6074,21
6075,4
6076,28
6077,4
6078,11
6079,46
6080,49
6081,35
6082,4
6083,35
6084,48
6085,40
6086,21
6087,21
6088,35
6089,35
6090,35
6091,48
6092,48
6093,27
6094,21
6095,48
6096,12
6097,4
6098,4
6099,28
6100,27
6101,28
6102,20
6103,48
6104,35
6105,12
6106,4
6107,48
6108,11
6109,48
6110,21
6111,35
6112,48
6113,27
6114,20
6115,27
6116,28
6117,48
6118,47
6119,35
6120,4
6121,28
6122,46
6123,35
6124,47
6125,35
6126,12
6127,46
6128,48
6129,35
6130,4
6131,48
6132,35
6133,28
6134,4
6135,21
6136,48
6137,48
6138,46
6139,21
6140,4
6141,36
6142,34
6143,21
6144,11
6145,35
6146,20
6147,41
6148,4
6149,11
6150,4
6151,11
6152,12
6153,48
6154,28
6155,21
6156,28
6157,48
6158,48
6159,20
6160,48
6161,42
6162,11
6163,46
6164,48
6165,4
6166,4
6167,35
6168,46
6169,12
6170,20
6171,28
6172,33
6173,4
6174,12
6175,4
6176,4
6177,4
6178,4
6179,4
6180,35
6181,20
6182,28
6183,35
6184,35
6185,20
6186,48
6187,28
6188,48
6189,35
6190,11
6191,35
6192,48
6193,20
6194,42
6195,35
6196,46
6197,4
6198,42
6199,20
6200,4
6201,11
6202,27
6203,35
6204,48
6205,46
6206,35
6207,28
6208,35
6209,35
6210,35
6211,11
6212,48
6213,46
6214,4
6215,48
6216,4
6217,28
6218,48
6219,35
6220,11
6221,48
6222,48
6223,4
6224,11
6225,48
6226,35
6227,27
6228,48
6229,46
6230,28
6231,11
6232,35
6233,4
6234,48
6235,12
6236,11
6237,4
6238,48
6239,11
6240,48
6241,48
6242,21
6243,20
6244,4
6245,27
6246,0
6247,46
6248,36
6249,36
6250,48
6251,4
6252,21
6253,4
6254,33
6255,21
6256,11
6257,21
6258,28
6259,48
6260,48
6261,21
6262,21
6263,41
6264,28
6265,21
6266,20
6267,21
6268,48
6269,24
6270,15
6271,12
6272,4
6273,49
6274,48
6275,10
6276,21
6277,21
6278,12
6279,4
6280,48
6281,48
6282,46
6283,4
6284,35
6285,33
6286,46
6287,35
6288,12
6289,42
6290,4
6291,35
6292,8
6293,48
6294,4
6295,48
6296,20
6297,35
6298,4
6299,4
6300,48
6301,48
6302,48
6303,35
6304,42
6305,17
6306,12
6307,48
6308,11
6309,35
6310,20
6311,49
6312,21
6313,28
6314,21
6315,48
6316,35
6317,48
6318,0
6319,35
6320,35
6321,21
6322,33
6323,48
6324,35
6325,48
6326,42
6327,46
6328,21
6329,4
6330,20
6331,4
6332,46
6333,35
6334,35
6335,35
6336,35
6337,20
6338,48
6339,48
6340,11
6341,27
6342,21
6343,28
6344,48
6345,41
6346,33
6347,21
6348,46
6349,44
6350,12
6351,32
6352,48
6353,44
6354,12
6355,48
6356,35
6357,11
6358,12
6359,4
6360,48
6361,4
6362,21
6363,48
6364,42
6365,4
6366,4
6367,4
6368,48
6369,48
6370,35
6371,11
6372,4
6373,48
6374,12
6375,21
6376,46
6377,28
6378,28
6379,46
6380,48
6381,21
6382,4
6383,4
6384,35
6385,4
6386,4
6387,11
6388,48
6389,4
6390,4
6391,4
6392,33
6393,12
6394,10
6395,11
6396,11
6397,35
6398,11
6399,20
6400,12
6401,48
6402,11
6403,46
6404,48
6405,46
6406,21
6407,4
6408,35
6409,21
6410,21
6411,35
6412,28
6413,11
6414,4
6415,24
6416,28
6417,12
6418,48
6419,4
6420,20
6421,12
6422,0
6423,48
6424,20
6425,11
6426,4
6427,12
6428,49
6429,20
6430,48
6431,4
6432,23
6433,35
6434,48
6435,21
6436,4
6437,35
6438,4
6439,4
6440,21
6441,48
6442,4
6443,48
6444,21
6445,20
6446,4
6447,35
6448,35
6449,36
6450,35
6451,48
6452,35
6453,48
6454,48
6455,49
6456,35
6457,48
6458,48
6459,11
6460,48
6461,4
6462,48
6463,11
6464,48
6465,21
6466,48
6467,35
6468,24
6469,23
6470,21
6471,21
6472,4
6473,4
6474,48
6475,28
6476,35
6477,12
6478,20
6479,35
6480,42
6481,11
6482,46
6483,12
6484,11
6485,0
6486,48
6487,4
6488,4
6489,46
6490,3
6491,35
6492,48
6493,42
6494,28
6495,4
6496,21
6497,4
6498,12
6499,48
6500,48
6501,48
6502,11
6503,35
6504,48
6505,48
6506,35
6507,21
6508,4
6509,32
6510,4
6511,4
6512,4
6513,21
6514,4
6515,4
6516,4
6517,4
6518,4
6519,48
6520,4
6521,46
6522,20
6523,4
6524,4
6525,48
6526,48
6527,11
6528,35
6529,47
6530,21
6531,11
6532,42
6533,4
6534,33
6535,4
6536,11
6537,48
6538,35
6539,4
6540,11
6541,27
6542,4
6543,33
6544,20
6545,48
6546,42
6547,4
6548,46
6549,48
6550,11
6551,4
6552,36
6553,48
6554,11
6555,4
6556,44
6557,12
6558,41
6559,21
6560,28
6561,48
6562,28
6563,21
6564,21
6565,4
6566,20
6567,35
6568,46
6569,3
6570,35
6571,21
6572,48
6573,48
6574,15
6575,21
6576,46
6577,46
6578,48
6579,21
6580,48
6581,48
6582,48
6583,48
6584,48
6585,12
6586,11
6587,34
6588,48
6589,4
6590,42
6591,21
6592,46
6593,34
6594,48
6595,48
6596,40
6597,48
6598,11
6599,11
6600,42
6601,32
6602,35
6603,21
6604,12
6605,4
6606,48
6607,42
6608,6
6609,35
6610,4
6611,10
6612,11
6613,35
6614,48
6615,11
6616,33
6617,46
6618,46
6619,29
6620,32
6621,3
6622,35
6623,48
6624,35
6625,32
6626,0
6627,4
6628,48
6629,46
6630,42
6631,46
6632,12
6633,48
6634,3
6635,11
6636,35
6637,21
6638,35
6639,21
6640,4
6641,35
6642,46
6643,36
6644,4
6645,35
6646,4
6647,35
6648,46
6649,11
6650,48
6651,12
6652,3
6653,48
6654,49
6655,48
6656,0
6657,23
6658,48
6659,48
6660,4
6661,11
6662,4
6663,48
6664,12
6665,48
6666,35
6667,4
6668,32
6669,4
6670,48
6671,12
6672,49
6673,3
6674,48
6675,28
6676,11
6677,4
6678,11
6679,12
6680,0
6681,46
6682,48
6683,12
6684,21
6685,12
6686,12
6687,12
6688,12
6689,12
6690,12
6691,12
6692,12
6693,4
6694,12
6695,35
6696,44
6697,35
6698,35
6699,46
6700,11
6701,4
6702,46
6703,42
6704,48
6705,10
6706,46
6707,48
6708,12
6709,46
6710,48
6711,46
6712,48
6713,48
6714,33
6715,48
6716,4
6717,35
6718,48
6719,42
6720,49
6721,46
6722,48
6723,10
6724,48
6725,48
6726,48
6727,32
6728,23
6729,12
6730,35
6731,4
6732,35
6733,20
6734,12
6735,41
6736,27
6737,35
6738,33
6739,28
6740,21
6741,4
6742,35
6743,11
6744,32
6745,4
6746,4
6747,35
6748,11
6749,48
6750,48
6751,4
6752,11
6753,35
6754,4
6755,0
6756,35
6757,11
6758,8
6759,21
6760,21
6761,48
6762,36
6763,35
6764,12
6765,21
6766,42
6767,48
6768,4
6769,35
6770,48
6771,24
6772,46
6773,4
6774,27
6775,35
6776,28
6777,32
6778,36
6779,48
6780,36
6781,46
6782,21
6783,21
6784,33
6785,21
6786,35
6787,21
6788,35
6789,35
6790,4
6791,11
6792,21
6793,48
6794,28
6795,12
6796,21
6797,21
6798,11
6799,11
6800,35
6801,21
6802,4
6803,11
6804,35
6805,48
6806,35
6807,21
6808,21
6809,35
6810,12
6811,48
6812,48
6813,35
6814,35
6815,21
6816,21
6817,12
6818,48
6819,11
6820,33
6821,35
6822,36
6823,42
6824,35
6825,33
6826,20
6827,35
6828,48
6829,4
6830,33
6831,48
6832,49
6833,35
6834,35
6835,27
6836,27
6837,27
6838,35
6839,27
6840,48
6841,4
6842,21
6843,48
6844,23
6845,4
6846,48
6847,42
6848,35
6849,34
6850,48
6851,35
6852,46
6853,11
6854,28
6855,27
6856,28
6857,21
6858,35
6859,35
6860,48
6861,27
6862,4
6863,28
6864,48
6865,46
6866,35
6867,31
6868,12
6869,11
6870,48
6871,4
6872,12
6873,11
6874,21
6875,42
6876,21
6877,42
6878,48
6879,21
6880,23
6881,48
6882,4
6883,21
6884,11
6885,21
6886,27
6887,12
6888,35
6889,35
6890,28
6891,11
6892,21
6893,11
6894,20
6895,33
6896,48
6897,21
6898,21
6899,4
6900,4
6901,35
6902,21
6903,21
6904,21
6905,27
6906,48
6907,48
6908,21
6909,27
6910,35
6911,42
6912,27
6913,17
6914,27
6915,48
6916,48
6917,35
6918,11
6919,48
6920,21
6921,42
6922,12
6923,20
6924,21
6925,32
6926,4
6927,35
6928,35
6929,11
6930,42
6931,11
6932,46
6933,48
6934,48
6935,32
6936,12
6937,35
6938,11
6939,4
6940,35
6941,48
6942,3
6943,48
6944,36
6945,12
6946,0
6947,21
6948,4
6949,4
6950,11
6951,48
6952,48
6953,48
6954,48
6955,48
6956,12
6957,48
6958,21
6959,0
6960,27
6961,35
6962,4
6963,48
6964,4
6965,42
6966,21
6967,8
6968,35
6969,35
6970,35
6971,35
6972,48
6973,32
6974,48
6975,48
6976,35
6977,0
6978,48
6979,11
6980,46
6981,11
6982,11
6983,24
6984,24
6985,20
6986,21
6987,46
6988,35
6989,35
6990,49
6991,21
6992,48
6993,46
6994,24
6995,12
6996,4
6997,24
6998,48
6999,48
7000,48
7001,42
7002,4
7003,49
7004,4
7005,11
7006,35
7007,35
7008,11
7009,4
7010,35
7011,48
7012,12
7013,4
7014,49
7015,28
7016,46
7017,32
7018,11
7019,12
7020,46
7021,46
7022,46
7023,46
7024,46
7025,24
7026,12
7027,11
7028,12
7029,48
7030,35
7031,35
7032,28
7033,23
7034,48
7035,4
7036,21
7037,4
7038,4
7039,48
7040,49
7041,27
7042,48
7043,42
7044,21
7045,48
7046,21
7047,48
7048,41
7049,21
7050,48
7051,11
7052,4
7053,48
7054,48
7055,48
7056,12
7057,28
7058,21
7059,48
7060,48
7061,46
7062,48
7063,12
7064,48
7065,11
7066,48
7067,48
7068,12
7069,35
7070,48
7071,4
7072,42
7073,35
7074,4
7075,46
7076,35
7077,35
7078,11
7079,11
7080,46
7081,27
7082,41
7083,35
7084,35
7085,35
7086,3
7087,48
7088,48
7089,46
7090,4
7091,44
7092,11
7093,35
7094,35
7095,35
7096,12
7097,21
7098,35
7099,21
7100,44
7101,4
7102,30
7103,48
7104,21
7105,48
7106,35
7107,11
7108,12
7109,3
7110,4
7111,48
7112,35
7113,11
7114,11
7115,24
7116,11
7117,11
7118,34
7119,48
7120,35
7121,12
7122,20
7123,11
7124,48
7125,48
7126,11
7127,11
7128,48
7129,35
7130,48
7131,8
7132,12
7133,28
7134,44
7135,4
7136,35
7137,25
7138,11
7139,11
7140,3
7141,4
7142,4
7143,21
7144,48
7145,48
7146,35
7147,11
7148,33
7149,12
7150,21
7151,48
7152,48
7153,36
7154,20
7155,3
7156,35
7157,36
7158,48
7159,4
7160,11
7161,46
7162,21
7163,48
7164,48
7165,28
7166,48
7167,11
7168,48
7169,46
7170,28
7171,42
7172,4
7173,21
7174,48
7175,46
7176,48
7177,46
7178,11
7179,24
7180,37
7181,33
7182,48
7183,11
7184,11
7185,21
7186,48
7187,28
7188,4
7189,46
7190,21
7191,12
7192,32
7193,23
7194,20
7195,20
7196,48
7197,28
7198,35
7199,32
7200,48
7201,11
7202,35
7203,28
7204,36
7205,35
7206,48
7207,12
7208,44
7209,34
7210,48
7211,48
7212,21
7213,4
7214,28
7215,48
7216,21
7217,11
7218,30
7219,42
7220,35
7221,27
7222,46
7223,35
7224,32
7225,48
7226,48
7227,48
7228,4
7229,12
7230,35
7231,46
7232,21
7233,35
7234,41
7235,48
7236,48
7237,46
7238,4
7239,33
7240,21
7241,35
7242,48
7243,35
7244,35
7245,48
7246,35
7247,46
7248,12
7249,11
7250,12
7251,42
7252,35
7253,35
7254,35
7255,4
7256,4
7257,48
7258,11
7259,47
7260,21
7261,35
7262,28
7263,4
7264,46
7265,4
7266,48
7267,48
7268,48
7269,23
7270,35
7271,35
7272,6
7273,3
7274,41
7275,21
7276,46
7277,11
7278,42
7279,48
7280,11
7281,28
7282,48
7283,35
7284,21
7285,4
7286,42
7287,48
7288,35
7289,46
7290,4
7291,48
7292,48
7293,20
7294,4
7295,12
7296,11
7297,49
7298,21
7299,28
7300,11
7301,48
7302,11
7303,35
7304,35
7305,32
7306,27
7307,11
7308,27
7309,48
7310,21
7311,42
7312,4
7313,48
7314,33
7315,4
7316,20
7317,48
7318,42
7319,48
7320,21
7321,4
7322,48
7323,10
7324,4
7325,35
7326,28
7327,11
7328,47
7329,48
7330,4
7331,48
7332,21
7333,48
7334,35
7335,35
7336,48
7337,8
7338,48
7339,47
7340,35
7341,32
7342,35
7343,11
7344,21
7345,41
7346,34
7347,48
7348,8
7349,21
7350,48
7351,4
7352,20
7353,48
7354,11
7355,6
7356,21
7357,48
7358,48
7359,48
7360,32
7361,48
7362,48
7363,11
7364,11
7365,11
7366,21
7367,11
7368,20
7369,21
7370,4
7371,48
7372,35
7373,49
7374,48
7375,4
7376,21
7377,48
7378,23
7379,48
7380,12
7381,11
7382,4
7383,34
7384,35
7385,35
7386,11
7387,28
7388,35
7389,35
7390,21
7391,35
7392,35
7393,42
7394,6
7395,35
7396,28
7397,4
7398,6
7399,21
7400,28
7401,12
7402,46
7403,21
7404,11
7405,48
7406,35
7407,21
7408,27
7409,48
7410,20
7411,48
7412,35
7413,12
7414,12
7415,48
7416,21
7417,32
7418,35
7419,21
7420,48
7421,35
7422,48
7423,21
7424,48
7425,4
7426,21
7427,12
7428,21
7429,21
7430,4
7431,34
7432,35
7433,42
7434,11
7435,48
7436,21
7437,12
7438,21
7439,21
7440,12
7441,12
7442,27
7443,48
7444,21
7445,49
7446,12
7447,21
7448,48
7449,20
7450,28
7451,48
7452,12
7453,35
7454,35
7455,21
7456,35
7457,12
7458,46
7459,11
7460,42
7461,35
7462,28
7463,21
7464,21
7465,35
7466,21
7467,48
7468,28
7469,48
7470,11
7471,48
7472,32
7473,47
7474,48
7475,4
7476,35
7477,6
7478,35
7479,21
7480,44
7481,35
7482,35
7483,11
7484,42
7485,28
7486,4
7487,48
7488,4
7489,28
7490,48
7491,35
7492,48
7493,12
7494,48
7495,12
7496,3
7497,42
7498,35
7499,35
7500,48
7501,35
7502,7
7503,48
7504,4
7505,21
7506,32
7507,20
7508,4
7509,48
7510,35
7511,21
7512,21
7513,11
7514,42
7515,21
7516,48
7517,34
7518,27
7519,21
7520,42
7521,35
7522,34
7523,4
7524,21
7525,35
7526,27
7527,28
7528,48
7529,48
7530,35
7531,21
7532,21
7533,48
7534,21
7535,11
7536,35
7537,48
7538,35
7539,35
7540,35
7541,28
7542,4
7543,35
7544,11
7545,21
7546,4
7547,48
7548,28
7549,32
7550,4
7551,4
7552,35
7553,33
7554,27
7555,21
7556,48
7557,48
7558,4
7559,35
7560,32
7561,35
7562,4
7563,11
7564,12
7565,21
7566,48
7567,48
7568,42
7569,12
7570,32
7571,35
7572,41
7573,32
7574,47
7575,28
7576,11
7577,4
7578,32
7579,48
7580,46
7581,11
7582,48
7583,12
7584,46
7585,46
7586,35
7587,48
7588,12
7589,20
7590,4
7591,35
7592,21
7593,28
7594,35
7595,35
7596,35
7597,48
7598,27
7599,35
7600,48
7601,35
7602,21
7603,35
7604,21
7605,4
7606,35
7607,35
7608,12
7609,20
7610,6
7611,35
7612,12
7613,35
7614,35
7615,42
7616,35
7617,3
7618,4
7619,48
7620,11
7621,28
7622,21
7623,35
7624,20
7625,48
7626,35
7627,20
7628,12
7629,21
7630,28
7631,48
7632,35
7633,11
7634,21
7635,12
7636,4
7637,35
7638,21
7639,11
7640,27
7641,21
7642,4
7643,48
7644,35
7645,48
7646,21
7647,4
7648,21
7649,27
7650,28
7651,11
7652,12
7653,35
7654,48
7655,48
7656,35
7657,48
7658,11
7659,4
7660,21
7661,35
7662,35
7663,21
7664,12
7665,42
7666,21
7667,21
7668,11
7669,4
7670,21
7671,48
7672,35
7673,21
7674,35
7675,35
7676,28
7677,21
7678,46
7679,12
7680,35
7681,35
7682,28
7683,4
7684,4
7685,28
7686,21
7687,48
7688,21
7689,48
7690,33
7691,32
7692,48
7693,21
7694,35
7695,35
7696,35
7697,35
7698,49
7699,35
7700,35
7701,48
7702,12
7703,42
7704,35
7705,20
7706,27
7707,12
7708,21
7709,35
7710,4
7711,21
7712,12
7713,11
7714,7
7715,12
7716,34
7717,35
7718,21
7719,21
7720,11
7721,42
7722,35
7723,48
7724,35
7725,48
7726,12
7727,44
7728,21
7729,48
7730,12
7731,21
7732,32
7733,11
7734,21
7735,4
7736,48
7737,48
7738,21
7739,35
7740,49
7741,6
7742,46
7743,48
7744,11
7745,42
7746,4
7747,35
7748,21
7749,20
7750,3
7751,21
7752,42
7753,35
7754,28
7755,27
7756,4
7757,35
7758,35
7759,21
7760,12
7761,28
7762,48
7763,32
7764,32
7765,34
7766,11
7767,32
7768,35
7769,11
7770,48
7771,4
7772,48
7773,48
7774,46
7775,21
7776,35
7777,41
7778,48
7779,21
7780,35
7781,35
7782,42
7783,48
7784,48
7785,48
7786,41
7787,27
7788,42
7789,35
7790,4
7791,28
7792,49
7793,32
7794,42
7795,48
7796,11
7797,46
7798,21
7799,48
7800,4
7801,33
7802,21
7803,35
7804,28
7805,35
7806,27
7807,35
7808,48
7809,48
7810,21
7811,46
7812,48
7813,11
7814,21
7815,34
7816,42
7817,32
7818,44
7819,48
7820,12
7821,33
7822,4
7823,21
7824,28
7825,42
7826,32
7827,11
7828,48
7829,23
7830,28
7831,42
7832,21
7833,48
7834,48
7835,11
7836,35
7837,21
7838,33
7839,21
7840,46
7841,21
7842,46
7843,48
7844,35
7845,48
7846,35
7847,48
7848,21
7849,35
7850,21
7851,48
7852,32
7853,35
7854,48
7855,44
7856,12
7857,11
7858,35
7859,21
7860,21
7861,35
7862,4
7863,48
7864,21
7865,48
7866,48
7867,35
7868,35
7869,42
7870,4
7871,49
7872,11
7873,21
7874,27
7875,12
7876,42
7877,11
7878,28
7879,46
7880,35
7881,48
7882,21
7883,41
7884,48
7885,12
7886,48
7887,35
7888,35
7889,48
7890,35
7891,48
7892,11
7893,35
7894,28
7895,42
7896,32
7897,35
7898,48
7899,20
7900,48
7901,48
7902,33
7903,27
7904,8
7905,12
7906,21
7907,35
7908,48
7909,24
7910,35
7911,4
7912,48
7913,21
7914,48
7915,35
7916,10
7917,11
7918,11
7919,11
7920,21
7921,35
7922,11
7923,32
7924,35
7925,32
7926,24
7927,35
7928,35
7929,35
7930,48
7931,35
7932,35
7933,11
7934,32
7935,35
7936,21
7937,48
7938,41
7939,41
7940,3
7941,48
7942,24
7943,27
7944,35
7945,48
7946,48
7947,35
7948,35
7949,48
7950,42
7951,11
7952,4
7953,10
7954,4
7955,12
7956,35
7957,21
7958,12
7959,35
7960,48
7961,48
7962,35
7963,44
7964,35
7965,20
7966,48
7967,48
7968,35
7969,35
7970,49
7971,11
7972,21
7973,49
7974,48
7975,12
7976,28
7977,21
7978,48
7979,48
7980,48
7981,48
7982,36
7983,48
7984,44
7985,4
7986,11
7987,35
7988,48
7989,12
7990,21
7991,48
7992,21
7993,21
7994,48
7995,4
7996,7
7997,10
7998,11
7999,48
8000,12
8001,24
8002,12
8003,48
8004,32
8005,33
8006,49
8007,32
8008,35
8009,48
8010,36
8011,35
8012,35
8013,21
8014,42
8015,11
8016,35
8017,48
8018,11
8019,35
8020,48
8021,48
8022,21
8023,11
8024,21
8025,48
8026,35
8027,35
8028,11
8029,48
8030,35
8031,42
8032,11
8033,48
8034,48
8035,16
8036,11
8037,48
8038,48
8039,46
8040,35
8041,48
8042,46
8043,35
8044,21
8045,24
8046,4
8047,21
8048,33
8049,35
8050,35
8051,48
8052,35
8053,28
8054,35
8055,35
8056,35
8057,33
8058,48
8059,42
8060,48
8061,11
8062,4
8063,11
8064,11
8065,28
8066,32
8067,48
8068,21
8069,46
8070,11
8071,44
8072,32
8073,11
8074,11
8075,35
8076,11
8077,32
8078,35
8079,11
8080,27
8081,35
8082,10
8083,10
8084,11
8085,21
8086,35
8087,35
8088,42
8089,11
8090,42
8091,27
8092,11
8093,27
8094,10
8095,21
8096,10
8097,21
8098,46
8099,28
